사용월,호선명,역ID,지하철역,유임승차,유임하차,무임승차,무임하차,작업일시
2023-02,1호선,150,서울역,1249188,1200852,189394,179379,2023-03-03 09:44:36
2023-02,1호선,151,시청,586202,598377,87441,84167,2023-03-03 09:44:36
2023-02,1호선,152,종각,916978,900438,135260,128068,2023-03-03 09:44:36
2023-02,1호선,153,종로3가,463092,422317,296614,274619,2023-03-03 09:44:36
2023-02,1호선,154,종로5가,440520,440031,238125,229346,2023-03-03 09:44:36
2023-02,1호선,155,동대문,203174,193753,113345,112857,2023-03-03 09:44:36
2023-02,1호선,156,신설동,260818,254274,111587,107535,2023-03-03 09:44:36
2023-02,1호선,157,제기동,220559,212160,259286,277782,2023-03-03 09:44:36
2023-02,1호선,158,청량리(서울시립대입구),307649,304860,239405,236513,2023-03-03 09:44:36
2023-02,1호선,159,동묘앞,122760,130605,146547,149164,2023-03-03 09:44:36
2023-02,2호선,201,시청,603886,574949,56467,50614,2023-03-03 09:44:36
2023-02,2호선,202,을지로입구,1117701,1144180,95387,89220,2023-03-03 09:44:36
2023-02,2호선,203,을지로3가,559224,557192,71963,70472,2023-03-03 09:44:36
2023-02,2호선,204,을지로4가,287713,295232,75682,75353,2023-03-03 09:44:36
2023-02,2호선,205,동대문역사문화공원(DDP),299618,340535,52014,55858,2023-03-03 09:44:36
2023-02,2호선,206,신당,302983,319533,89277,90495,2023-03-03 09:44:36
2023-02,2호선,207,상왕십리,319814,305573,62485,63334,2023-03-03 09:44:36
2023-02,2호선,208,왕십리(성동구청),384354,341797,49527,43188,2023-03-03 09:44:36
2023-02,2호선,209,한양대,181740,200094,12737,13282,2023-03-03 09:44:36
2023-02,2호선,210,뚝섬,558853,593553,54836,55287,2023-03-03 09:44:36
2023-02,2호선,211,성수,982582,1079958,98470,99812,2023-03-03 09:44:36
2023-02,2호선,212,건대입구,947004,1009896,86577,90060,2023-03-03 09:44:36
2023-02,2호선,213,구의(광진구청),551482,535706,99951,100902,2023-03-03 09:44:36
2023-02,2호선,214,강변(동서울터미널),788824,744138,110687,106819,2023-03-03 09:44:36
2023-02,2호선,215,잠실나루,307657,296019,80508,80074,2023-03-03 09:44:36
2023-02,2호선,216,잠실(송파구청),2014270,1985212,191556,183734,2023-03-03 09:44:36
2023-02,2호선,217,잠실새내,511176,509049,103873,104357,2023-03-03 09:44:36
2023-02,2호선,218,종합운동장,172371,191499,39974,41807,2023-03-03 09:44:36
2023-02,2호선,219,삼성(무역센터),1364566,1377939,109406,101497,2023-03-03 09:44:36
2023-02,2호선,220,선릉,1258668,1108299,205720,180182,2023-03-03 09:44:36
2023-02,2호선,221,역삼,1207249,1382107,136689,139243,2023-03-03 09:44:36
2023-02,2호선,222,강남,2115103,2067847,151412,133228,2023-03-03 09:44:36
2023-02,2호선,223,교대(법원.검찰청),728153,829756,147941,169227,2023-03-03 09:44:36
2023-02,2호선,224,서초,519507,491298,81948,81590,2023-03-03 09:44:36
2023-02,2호선,225,방배,353215,368477,72276,71928,2023-03-03 09:44:36
2023-02,2호선,226,사당,904657,1028914,202208,193251,2023-03-03 09:44:36
2023-02,2호선,227,낙성대(강감찬),649451,618110,101001,102000,2023-03-03 09:44:36
2023-02,2호선,228,서울대입구(관악구청),1110055,1063821,169957,158538,2023-03-03 09:44:36
2023-02,2호선,229,봉천,514951,471548,138377,139771,2023-03-03 09:44:36
2023-02,2호선,230,신림,1372341,1323380,187032,185405,2023-03-03 09:44:36
2023-02,2호선,231,신대방,575832,549999,117499,119526,2023-03-03 09:44:36
2023-02,2호선,232,구로디지털단지,1398543,1388292,174566,176493,2023-03-03 09:44:36
2023-02,2호선,233,대림(구로구청),545454,554641,120642,125032,2023-03-03 09:44:36
2023-02,2호선,234,신도림,1185168,1177208,201432,190952,2023-03-03 09:44:36
2023-02,2호선,235,문래,506102,524805,82280,82241,2023-03-03 09:44:36
2023-02,2호선,236,영등포구청,488789,504914,93274,93079,2023-03-03 09:44:36
2023-02,2호선,237,당산,438379,511479,56121,61753,2023-03-03 09:44:36
2023-02,2호선,238,합정,864608,954001,64906,65314,2023-03-03 09:44:36
2023-02,2호선,239,홍대입구,1826125,1942785,90954,87709,2023-03-03 09:44:36
2023-02,2호선,240,신촌,900881,917241,116589,114574,2023-03-03 09:44:36
2023-02,2호선,241,이대,342778,367763,46283,48708,2023-03-03 09:44:36
2023-02,2호선,242,아현,222919,206635,60491,59431,2023-03-03 09:44:36
2023-02,2호선,243,충정로(경기대입구),221835,237615,45526,45686,2023-03-03 09:44:36
2023-02,2호선,244,용답,58999,57517,16061,16007,2023-03-03 09:44:36
2023-02,2호선,245,신답,36167,40172,9414,9856,2023-03-03 09:44:36
2023-02,2호선,246,신설동,73324,71862,30829,32416,2023-03-03 09:44:36
2023-02,2호선,247,도림천,26879,28424,7226,8263,2023-03-03 09:44:36
2023-02,2호선,248,양천구청,140320,146733,47482,48211,2023-03-03 09:44:36
2023-02,2호선,249,신정네거리,212858,219402,67403,69335,2023-03-03 09:44:36
2023-02,2호선,250,용두(동대문구청),43091,41988,21768,22455,2023-03-03 09:44:36
2023-02,3호선,309,지축,136902,133301,28965,27980,2023-03-03 09:44:36
2023-02,3호선,310,구파발,457952,444805,112725,108958,2023-03-03 09:44:36
2023-02,3호선,311,연신내,716205,683480,233362,225337,2023-03-03 09:44:36
2023-02,3호선,312,불광,312067,335112,130313,144190,2023-03-03 09:44:36
2023-02,3호선,313,녹번,341573,302381,73205,72332,2023-03-03 09:44:36
2023-02,3호선,314,홍제,343554,323039,132246,130752,2023-03-03 09:44:36
2023-02,3호선,315,무악재,86471,81023,29629,31679,2023-03-03 09:44:36
2023-02,3호선,316,독립문,136959,140557,63603,63920,2023-03-03 09:44:36
2023-02,3호선,317,경복궁(정부서울청사),529365,536762,82861,81268,2023-03-03 09:44:36
2023-02,3호선,318,안국,593719,619244,93180,97624,2023-03-03 09:44:36
2023-02,3호선,319,종로3가,211445,260063,55351,62321,2023-03-03 09:44:36
2023-02,3호선,320,을지로3가,248106,259978,47950,45799,2023-03-03 09:44:36
2023-02,3호선,321,충무로,46,0,2,0,2023-03-03 09:44:36
2023-02,3호선,322,동대입구,198860,215661,34523,38390,2023-03-03 09:44:36
2023-02,3호선,323,약수,272540,265870,77328,72851,2023-03-03 09:44:36
2023-02,3호선,324,금호,166630,150522,50388,49349,2023-03-03 09:44:36
2023-02,3호선,325,옥수,186213,192698,55866,56137,2023-03-03 09:44:36
2023-02,3호선,326,압구정,754825,825634,128518,126714,2023-03-03 09:44:36
2023-02,3호선,327,신사,755201,784035,66988,65193,2023-03-03 09:44:36
2023-02,3호선,328,잠원,102676,99058,27904,26713,2023-03-03 09:44:36
2023-02,3호선,329,고속터미널,1180211,1140283,185185,176348,2023-03-03 09:44:36
2023-02,3호선,330,교대(법원.검찰청),322294,209571,71153,42476,2023-03-03 09:44:36
2023-02,3호선,331,남부터미널(예술의전당),732741,741279,115665,116637,2023-03-03 09:44:36
2023-02,3호선,332,양재(서초구청),844419,935289,141603,142169,2023-03-03 09:44:36
2023-02,3호선,333,매봉,262097,252302,60496,56294,2023-03-03 09:44:36
2023-02,3호선,334,도곡,114285,116952,25117,23365,2023-03-03 09:44:36
2023-02,3호선,335,대치,271902,266294,64048,61700,2023-03-03 09:44:36
2023-02,3호선,336,학여울,50462,52648,18430,18473,2023-03-03 09:44:36
2023-02,3호선,337,대청,213041,200676,56605,55143,2023-03-03 09:44:36
2023-02,3호선,338,일원,217410,207027,62702,62672,2023-03-03 09:44:36
2023-02,3호선,339,수서,394836,404028,105149,103785,2023-03-03 09:44:36
2023-02,3호선,340,가락시장,175248,171399,71432,69498,2023-03-03 09:44:36
2023-02,3호선,341,경찰병원,156405,154749,40930,41938,2023-03-03 09:44:36
2023-02,3호선,342,오금,139363,125559,28641,27267,2023-03-03 09:44:36
2023-02,4호선,409,당고개,179740,155028,69742,68515,2023-03-03 09:44:36
2023-02,4호선,410,상계,397209,364234,112979,110932,2023-03-03 09:44:36
2023-02,4호선,411,노원,434304,505481,86148,85475,2023-03-03 09:44:36
2023-02,4호선,412,창동,493508,523439,190658,195561,2023-03-03 09:44:36
2023-02,4호선,413,쌍문,621547,567008,158631,157028,2023-03-03 09:44:36
2023-02,4호선,414,수유(강북구청),741731,748939,180911,180714,2023-03-03 09:44:36
2023-02,4호선,415,미아(서울사이버대학),292707,277662,106035,108356,2023-03-03 09:44:36
2023-02,4호선,416,미아사거리,561645,549225,171349,171574,2023-03-03 09:44:36
2023-02,4호선,417,길음,446102,432307,112106,112606,2023-03-03 09:44:36
2023-02,4호선,418,성신여대입구(돈암),463029,449232,80363,77919,2023-03-03 09:44:36
2023-02,4호선,419,한성대입구(삼선교),281936,273638,67489,66832,2023-03-03 09:44:36
2023-02,4호선,420,혜화,881661,886589,124631,122957,2023-03-03 09:44:36
2023-02,4호선,421,동대문,378887,398274,141046,136473,2023-03-03 09:44:36
2023-02,4호선,422,동대문역사문화공원(DDP),404323,354470,57157,51022,2023-03-03 09:44:36
2023-02,4호선,423,충무로,584730,611205,108522,109487,2023-03-03 09:44:36
2023-02,4호선,424,명동,649984,695586,65600,67782,2023-03-03 09:44:36
2023-02,4호선,425,회현(남대문시장),501111,528293,181999,181508,2023-03-03 09:44:36
2023-02,4호선,426,서울역,280733,524818,35989,47089,2023-03-03 09:44:36
2023-02,4호선,427,숙대입구(갈월),316813,308786,51548,48251,2023-03-03 09:44:36
2023-02,4호선,428,삼각지,140561,165260,23686,25331,2023-03-03 09:44:36
2023-02,4호선,429,신용산,453394,478139,50617,50749,2023-03-03 09:44:36
2023-02,4호선,430,이촌(국립중앙박물관),233105,254746,47600,50128,2023-03-03 09:44:36
2023-02,4호선,431,동작(현충원),23110,26671,12470,13125,2023-03-03 09:44:36
2023-02,4호선,432,총신대입구(이수),373047,412018,141786,147446,2023-03-03 09:44:36
2023-02,4호선,433,사당,646905,552712,96481,99444,2023-03-03 09:44:36
2023-02,4호선,434,남태령,28490,22206,7740,7184,2023-03-03 09:44:36
2023-02,경부선,1001,서울역,256846,75524,13548,2968,2023-03-03 09:44:36
2023-02,경부선,1002,남영,220547,226238,35150,36285,2023-03-03 09:44:36
2023-02,경부선,1003,용산,1052173,1060575,121213,119669,2023-03-03 09:44:36
2023-02,경부선,1004,노량진,197611,203666,39811,37667,2023-03-03 09:44:36
2023-02,경부선,1005,대방,228892,253358,54325,55691,2023-03-03 09:44:36
2023-02,경부선,1006,영등포,930103,958524,247352,247283,2023-03-03 09:44:36
2023-02,경부선,1007,신도림,80673,82609,22563,26481,2023-03-03 09:44:36
2023-02,경부선,1032,신길,197450,165383,42529,39489,2023-03-03 09:44:36
2023-02,경부선,1701,구로,389583,403725,92608,89685,2023-03-03 09:44:36
2023-02,경부선,1702,가산디지털단지,409081,481877,34003,38499,2023-03-03 09:44:36
2023-02,경부선,1703,금천구청,234078,233158,76633,77547,2023-03-03 09:44:36
2023-02,경부선,1704,석수,199272,181546,46197,44270,2023-03-03 09:44:36
2023-02,경부선,1705,관악,153795,144116,51292,49209,2023-03-03 09:44:36
2023-02,경부선,1706,안양,480701,476387,113634,117104,2023-03-03 09:44:36
2023-02,경부선,1707,명학,189598,185096,39828,38956,2023-03-03 09:44:36
2023-02,경부선,1708,금정,629410,640415,115460,116337,2023-03-03 09:44:36
2023-02,경부선,1709,군포,160351,154964,34508,34032,2023-03-03 09:44:36
2023-02,경부선,1710,의왕,198800,195382,39849,39731,2023-03-03 09:44:36
2023-02,경부선,1711,성균관대,339497,337575,51711,52667,2023-03-03 09:44:36
2023-02,경부선,1712,화서,181998,174186,41994,40917,2023-03-03 09:44:36
2023-02,경부선,1713,수원,905157,966440,135968,139927,2023-03-03 09:44:36
2023-02,경부선,1714,독산,402225,411372,62315,63629,2023-03-03 09:44:36
2023-02,경부선,1715,세류,72490,66588,15439,14915,2023-03-03 09:44:36
2023-02,경부선,1716,병점,335989,333288,63850,63435,2023-03-03 09:44:36
2023-02,경부선,1717,세마,65920,62201,14326,13578,2023-03-03 09:44:36
2023-02,경부선,1718,오산대,79927,74365,14823,14035,2023-03-03 09:44:36
2023-02,경부선,1719,오산,234872,234604,45843,46441,2023-03-03 09:44:36
2023-02,경부선,1720,진위,38725,33036,9376,8833,2023-03-03 09:44:36
2023-02,경부선,1721,송탄,109104,107495,20035,19488,2023-03-03 09:44:36
2023-02,경부선,1722,서정리,198794,180753,31923,30916,2023-03-03 09:44:36
2023-02,경부선,1723,평택지제,112068,108354,12263,11772,2023-03-03 09:44:36
2023-02,경부선,1724,평택,299965,298352,61910,60392,2023-03-03 09:44:36
2023-02,경부선,1725,성환,79321,78333,18758,18564,2023-03-03 09:44:36
2023-02,경부선,1726,직산,20546,20084,4717,4549,2023-03-03 09:44:36
2023-02,경부선,1727,두정,148484,152283,22857,23202,2023-03-03 09:44:36
2023-02,경부선,1728,천안,123081,126872,49123,49250,2023-03-03 09:44:36
2023-02,경부선,1729,당정,132331,125732,29136,28010,2023-03-03 09:44:36
2023-02,경부선,1749,서동탄,31274,28428,7007,6602,2023-03-03 09:44:36
2023-02,경부선,1750,광명,96288,80187,9763,9155,2023-03-03 09:44:36
2023-02,경인선,1801,개봉,443689,427293,146777,151871,2023-03-03 09:44:36
2023-02,경인선,1802,오류동,230398,208572,84296,82947,2023-03-03 09:44:36
2023-02,경인선,1803,역곡,569134,558812,142860,146446,2023-03-03 09:44:36
2023-02,경인선,1804,부천,685711,688801,195764,197703,2023-03-03 09:44:36
2023-02,경인선,1805,송내,596149,585996,113459,112339,2023-03-03 09:44:36
2023-02,경인선,1806,부평,687666,740684,134033,136878,2023-03-03 09:44:36
2023-02,경인선,1807,백운,126062,121703,53132,53852,2023-03-03 09:44:36
2023-02,경인선,1808,동암,338453,335312,96834,97805,2023-03-03 09:44:36
2023-02,경인선,1809,주안,424624,382900,82933,74387,2023-03-03 09:44:36
2023-02,경인선,1810,제물포,210797,198056,58891,58866,2023-03-03 09:44:36
2023-02,경인선,1811,동인천,276110,261955,109744,106103,2023-03-03 09:44:36
2023-02,경인선,1812,인천,75422,55985,31363,28395,2023-03-03 09:44:36
2023-02,경인선,1813,구일,124908,122178,40157,39501,2023-03-03 09:44:36
2023-02,경인선,1814,소사,163824,158926,59898,59419,2023-03-03 09:44:36
2023-02,경인선,1815,부개,170357,155131,61939,60797,2023-03-03 09:44:36
2023-02,경인선,1816,간석,114117,106482,41586,39622,2023-03-03 09:44:36
2023-02,경인선,1817,도원,46715,45856,27759,28983,2023-03-03 09:44:36
2023-02,경인선,1821,온수(성공회대입구),125531,117836,45854,44482,2023-03-03 09:44:36
2023-02,경인선,1822,중동,182229,166244,66493,65033,2023-03-03 09:44:36
2023-02,경인선,1823,도화,72711,64610,36154,34708,2023-03-03 09:44:36
2023-02,경원선,1008,이촌(국립중앙박물관),79423,60380,27678,23648,2023-03-03 09:44:36
2023-02,경원선,1009,서빙고,42231,41034,16027,15406,2023-03-03 09:44:36
2023-02,경원선,1010,한남,80922,77700,27898,25824,2023-03-03 09:44:36
2023-02,경원선,1011,옥수,1298,992,119,80,2023-03-03 09:44:36
2023-02,경원선,1012,응봉,35445,29329,15489,13944,2023-03-03 09:44:36
2023-02,경원선,1013,왕십리(성동구청),364386,390926,63018,66455,2023-03-03 09:44:36
2023-02,경원선,1014,청량리(서울시립대입구),340640,342740,133384,138532,2023-03-03 09:44:36
2023-02,경원선,1016,외대앞,173118,167852,40271,42159,2023-03-03 09:44:36
2023-02,경원선,1017,신이문,162268,146400,62978,61374,2023-03-03 09:44:36
2023-02,경원선,1018,석계,157895,179222,56588,60990,2023-03-03 09:44:36
2023-02,경원선,1019,광운대,150808,143806,48964,48304,2023-03-03 09:44:36
2023-02,경원선,1020,월계,114332,106785,56459,54251,2023-03-03 09:44:36
2023-02,경원선,1021,녹천,87348,71778,33215,30464,2023-03-03 09:44:36
2023-02,경원선,1022,창동,9,0,0,0,2023-03-03 09:44:36
2023-02,경원선,1901,방학,168006,160752,99359,98073,2023-03-03 09:44:36
2023-02,경원선,1902,도봉,93356,87037,64673,64360,2023-03-03 09:44:36
2023-02,경원선,1903,도봉산,119530,63705,104142,80839,2023-03-03 09:44:36
2023-02,경원선,1904,망월사,136795,138115,66225,67954,2023-03-03 09:44:36
2023-02,경원선,1905,회룡,207809,204105,135559,134759,2023-03-03 09:44:36
2023-02,경원선,1906,의정부,415938,432880,106653,108752,2023-03-03 09:44:36
2023-02,경원선,1907,가능,121268,114841,52590,52096,2023-03-03 09:44:36
2023-02,경원선,1908,녹양,88334,82541,35866,34113,2023-03-03 09:44:36
2023-02,경원선,1909,양주,148459,138441,49727,47590,2023-03-03 09:44:36
2023-02,경원선,1910,덕계,75376,66116,22994,21961,2023-03-03 09:44:36
2023-02,경원선,1911,덕정,113637,106592,32183,32349,2023-03-03 09:44:36
2023-02,경원선,1912,지행,134527,132640,41526,41174,2023-03-03 09:44:36
2023-02,경원선,1913,동두천중앙,48955,47573,31686,31400,2023-03-03 09:44:36
2023-02,경원선,1914,보산,30796,28574,12098,11437,2023-03-03 09:44:36
2023-02,경원선,1915,동두천,34381,37570,20813,23451,2023-03-03 09:44:36
2023-02,경원선,1916,소요산,29466,23236,46961,43019,2023-03-03 09:44:36
2023-02,안산선,1751,산본,344264,375808,95799,96704,2023-03-03 09:44:36
2023-02,안산선,1752,대야미,106059,92896,28551,26568,2023-03-03 09:44:36
2023-02,안산선,1753,반월,86677,82019,28416,28318,2023-03-03 09:44:36
2023-02,안산선,1754,상록수,346240,352746,65812,67448,2023-03-03 09:44:36
2023-02,안산선,1755,한대앞,197937,198324,39518,40602,2023-03-03 09:44:36
2023-02,안산선,1756,중앙,446301,472855,59944,58234,2023-03-03 09:44:36
2023-02,안산선,1757,고잔,207691,197004,34391,33303,2023-03-03 09:44:36
2023-02,안산선,1758,초지,113750,113018,16382,16252,2023-03-03 09:44:36
2023-02,안산선,1759,안산,292400,268325,35184,32854,2023-03-03 09:44:36
2023-02,안산선,1760,신길온천,41793,38121,9005,8952,2023-03-03 09:44:36
2023-02,안산선,1761,정왕,192239,197907,26994,28028,2023-03-03 09:44:36
2023-02,안산선,1762,오이도,194007,190564,31915,31694,2023-03-03 09:44:36
2023-02,안산선,1763,수리산,77700,61335,28197,26839,2023-03-03 09:44:36
2023-02,과천선,1450,선바위,181507,155651,32117,31604,2023-03-03 09:44:36
2023-02,과천선,1451,경마공원,95686,97644,66770,66934,2023-03-03 09:44:36
2023-02,과천선,1452,대공원,65698,68126,34789,36604,2023-03-03 09:44:36
2023-02,과천선,1453,과천,134560,125231,42308,40361,2023-03-03 09:44:36
2023-02,과천선,1454,정부과천청사,233949,240988,49343,49064,2023-03-03 09:44:36
2023-02,과천선,1455,인덕원,558485,568827,111432,113819,2023-03-03 09:44:36
2023-02,과천선,1456,평촌,398710,388224,64003,63653,2023-03-03 09:44:36
2023-02,과천선,1457,범계,624757,625237,105754,104196,2023-03-03 09:44:36
2023-02,분당선,1023,선릉,296372,459962,42473,56777,2023-03-03 09:44:36
2023-02,분당선,1024,한티,371707,383226,66881,68315,2023-03-03 09:44:36
2023-02,분당선,1025,도곡,145673,141198,46181,43766,2023-03-03 09:44:36
2023-02,분당선,1026,구룡,40077,37213,15976,15820,2023-03-03 09:44:36
2023-02,분당선,1027,개포동,84602,87263,28273,28743,2023-03-03 09:44:36
2023-02,분당선,1028,대모산입구,101105,91521,30997,30636,2023-03-03 09:44:36
2023-02,분당선,1030,수서,330590,342943,64413,66670,2023-03-03 09:44:36
2023-02,분당선,1031,복정,19,0,3,0,2023-03-03 09:44:36
2023-02,분당선,1846,수원,198788,169529,30376,26958,2023-03-03 09:44:36
2023-02,분당선,1847,서울숲,294930,303376,27167,26089,2023-03-03 09:44:36
2023-02,분당선,1848,압구정로데오,517386,581938,45132,43426,2023-03-03 09:44:36
2023-02,분당선,1849,강남구청,218453,252761,37161,39739,2023-03-03 09:44:36
2023-02,분당선,1850,선정릉,170970,180758,30341,29812,2023-03-03 09:44:36
2023-02,분당선,1851,가천대,162278,177943,26271,27372,2023-03-03 09:44:36
2023-02,분당선,1852,태평,280620,260156,87263,92214,2023-03-03 09:44:36
2023-02,분당선,1853,모란,402904,401783,161190,174687,2023-03-03 09:44:36
2023-02,분당선,1854,야탑,554798,585658,150790,151562,2023-03-03 09:44:36
2023-02,분당선,1855,서현,570881,581244,119952,115812,2023-03-03 09:44:36
2023-02,분당선,1856,수내,313776,308709,74665,72513,2023-03-03 09:44:36
2023-02,분당선,1857,정자,438282,460233,69041,70017,2023-03-03 09:44:36
2023-02,분당선,1858,미금,309985,329269,99816,106416,2023-03-03 09:44:36
2023-02,분당선,1859,오리,239185,193727,69451,60474,2023-03-03 09:44:36
2023-02,분당선,1860,이매,116692,114115,38955,38750,2023-03-03 09:44:36
2023-02,분당선,1861,보정,49325,44133,19955,18877,2023-03-03 09:44:36
2023-02,분당선,1862,죽전,290229,322614,66453,70965,2023-03-03 09:44:36
2023-02,분당선,1863,구성,101278,107128,35086,35753,2023-03-03 09:44:36
2023-02,분당선,1864,신갈,98200,95974,28342,28573,2023-03-03 09:44:36
2023-02,분당선,1865,기흥,232319,214084,40280,39602,2023-03-03 09:44:36
2023-02,분당선,1866,상갈,118507,113296,30276,29347,2023-03-03 09:44:36
2023-02,분당선,1867,청명,96646,92090,19056,19001,2023-03-03 09:44:36
2023-02,분당선,1868,영통,208037,207558,30383,30071,2023-03-03 09:44:36
2023-02,분당선,1869,망포,366654,351768,37805,36941,2023-03-03 09:44:36
2023-02,분당선,1870,매탄권선,117657,112790,20875,20000,2023-03-03 09:44:36
2023-02,분당선,1871,수원시청,320706,356081,43771,44798,2023-03-03 09:44:36
2023-02,분당선,1872,매교,94537,93031,21818,21998,2023-03-03 09:44:36
2023-02,일산선,1948,원흥,244550,230355,57679,55507,2023-03-03 09:44:36
2023-02,일산선,1949,지축,14,0,1,0,2023-03-03 09:44:36
2023-02,일산선,1950,삼송,437028,416230,91441,92787,2023-03-03 09:44:36
2023-02,일산선,1951,원당,222356,206602,74084,72661,2023-03-03 09:44:36
2023-02,일산선,1952,화정,351581,359532,107700,109961,2023-03-03 09:44:36
2023-02,일산선,1953,대곡,44544,33521,9629,8844,2023-03-03 09:44:36
2023-02,일산선,1954,백석,197036,197898,66103,65123,2023-03-03 09:44:36
2023-02,일산선,1955,마두,139411,141586,62867,64031,2023-03-03 09:44:36
2023-02,일산선,1956,정발산,153338,161389,47420,44720,2023-03-03 09:44:36
2023-02,일산선,1957,주엽,167000,163388,80169,83171,2023-03-03 09:44:36
2023-02,일산선,1958,대화,273682,209546,75050,68861,2023-03-03 09:44:36
2023-02,중앙선,1015,회기,564802,543156,117140,114775,2023-03-03 09:44:36
2023-02,중앙선,1201,중랑,106892,100635,45943,45455,2023-03-03 09:44:36
2023-02,중앙선,1202,상봉(시외버스터미널),120879,120253,37503,36392,2023-03-03 09:44:36
2023-02,중앙선,1203,망우,144189,136563,66084,67474,2023-03-03 09:44:36
2023-02,중앙선,1204,양원,56511,54401,19773,19529,2023-03-03 09:44:36
2023-02,중앙선,1205,구리,285387,290999,77080,77575,2023-03-03 09:44:36
2023-02,중앙선,1206,도농,233330,213091,63000,61102,2023-03-03 09:44:36
2023-02,중앙선,1207,양정,10785,8862,5635,4834,2023-03-03 09:44:36
2023-02,중앙선,1208,덕소,106768,105226,42045,41833,2023-03-03 09:44:36
2023-02,중앙선,1209,도심,44460,32442,16565,15096,2023-03-03 09:44:36
2023-02,중앙선,1210,팔당,18390,19415,8040,8037,2023-03-03 09:44:36
2023-02,중앙선,1211,운길산,11640,10825,8357,8464,2023-03-03 09:44:36
2023-02,중앙선,1212,양수,32592,31543,19442,19259,2023-03-03 09:44:36
2023-02,중앙선,1213,신원,2699,2589,2662,2405,2023-03-03 09:44:36
2023-02,중앙선,1214,국수,10763,10632,8531,8632,2023-03-03 09:44:36
2023-02,중앙선,1215,아신,9487,9267,5613,5435,2023-03-03 09:44:36
2023-02,중앙선,1216,오빈,4477,4397,3853,3869,2023-03-03 09:44:36
2023-02,중앙선,1217,양평,54652,54782,33562,33926,2023-03-03 09:44:36
2023-02,중앙선,1218,원덕,4936,4551,5128,4892,2023-03-03 09:44:36
2023-02,중앙선,1219,용문,26624,27255,27936,27947,2023-03-03 09:44:36
2023-02,중앙선,1220,지평,739,796,891,829,2023-03-03 09:44:36
2023-02,장항선,1401,봉명,23907,23668,9671,9276,2023-03-03 09:44:36
2023-02,장항선,1402,쌍용(나사렛대),45996,43600,12383,11972,2023-03-03 09:44:36
2023-02,장항선,1403,아산,95197,83359,11852,10751,2023-03-03 09:44:36
2023-02,장항선,1404,탕정,28714,25932,5244,5018,2023-03-03 09:44:36
2023-02,장항선,1405,배방,27013,26298,6697,6416,2023-03-03 09:44:36
2023-02,장항선,1407,온양온천,75794,77044,53052,53410,2023-03-03 09:44:36
2023-02,장항선,1408,신창(순천향대),29429,29487,6442,6077,2023-03-03 09:44:36
2023-02,경의선,1252,신촌,18666,25187,3117,3736,2023-03-03 09:44:36
2023-02,경의선,1261,효창공원앞,65271,74319,13910,15224,2023-03-03 09:44:36
2023-02,경의선,1263,서강대,47204,46596,10270,9740,2023-03-03 09:44:36
2023-02,경의선,1265,가좌,113686,105810,44850,44830,2023-03-03 09:44:36
2023-02,경의선,1267,수색,55757,59400,14021,13948,2023-03-03 09:44:36
2023-02,경의선,1268,화전,35359,32362,7923,7657,2023-03-03 09:44:36
2023-02,경의선,1269,강매,69749,59097,17520,16343,2023-03-03 09:44:36
2023-02,경의선,1270,행신,188007,186395,32581,33396,2023-03-03 09:44:36
2023-02,경의선,1271,능곡,78063,69122,26861,26620,2023-03-03 09:44:36
2023-02,경의선,1272,곡산,11321,11477,4504,4635,2023-03-03 09:44:36
2023-02,경의선,1273,백마,152166,142307,33642,33513,2023-03-03 09:44:36
2023-02,경의선,1274,풍산,121974,113634,34897,33899,2023-03-03 09:44:36
2023-02,경의선,1275,일산,196532,189613,57891,58359,2023-03-03 09:44:36
2023-02,경의선,1276,탄현,175742,164127,36703,36242,2023-03-03 09:44:36
2023-02,경의선,1277,야당,191738,195383,36213,35809,2023-03-03 09:44:36
2023-02,경의선,1278,운정,148517,134075,37502,36515,2023-03-03 09:44:36
2023-02,경의선,1279,금릉,113929,108021,26754,26522,2023-03-03 09:44:36
2023-02,경의선,1280,금촌,136645,130964,42461,42707,2023-03-03 09:44:36
2023-02,경의선,1282,월롱,57307,48544,7722,7995,2023-03-03 09:44:36
2023-02,경의선,1283,파주,22498,16814,6423,5290,2023-03-03 09:44:36
2023-02,경의선,1284,문산,105497,103921,37515,37443,2023-03-03 09:44:36
2023-02,경의선,1285,임진강,374,259,276,232,2023-03-03 09:44:36
2023-02,경의선,1286,운천,53,39,84,95,2023-03-03 09:44:36
2023-02,경의선,1291,서울역,97673,122064,14918,18333,2023-03-03 09:44:36
2023-02,경의선,1292,공덕,94421,76573,13788,13245,2023-03-03 09:44:36
2023-02,경의선,1293,홍대입구,52283,66515,5345,6013,2023-03-03 09:44:36
2023-02,경의선,1294,디지털미디어시티,64607,57781,11807,11540,2023-03-03 09:44:36
2023-02,경의선,1295,김포공항,2,0,0,0,2023-03-03 09:44:36
2023-02,경의선,1296,계양,2,0,0,0,2023-03-03 09:44:36
2023-02,경의선,1297,검암,2,0,0,0,2023-03-03 09:44:36
2023-02,경춘선,1311,신내,40114,37367,16578,16133,2023-03-03 09:44:36
2023-02,경춘선,1312,갈매,60147,51097,18790,17599,2023-03-03 09:44:36
2023-02,경춘선,1313,별내,63405,59357,20267,19172,2023-03-03 09:44:36
2023-02,경춘선,1314,퇴계원,67832,60519,26656,25564,2023-03-03 09:44:36
2023-02,경춘선,1315,사릉,44511,43091,15013,14985,2023-03-03 09:44:36
2023-02,경춘선,1316,금곡,24433,23241,14950,14635,2023-03-03 09:44:36
2023-02,경춘선,1317,평내호평,120964,118474,43051,41793,2023-03-03 09:44:36
2023-02,경춘선,1318,천마산,26635,23650,16948,16839,2023-03-03 09:44:36
2023-02,경춘선,1319,마석,70588,68096,32588,32268,2023-03-03 09:44:36
2023-02,경춘선,1320,대성리,13615,12625,4892,4378,2023-03-03 09:44:36
2023-02,경춘선,1321,청평,32711,30759,15327,15391,2023-03-03 09:44:36
2023-02,경춘선,1322,상천,3776,3214,3617,3501,2023-03-03 09:44:36
2023-02,경춘선,1323,가평,39431,39821,12451,12100,2023-03-03 09:44:36
2023-02,경춘선,1324,굴봉산,2562,3219,1421,1375,2023-03-03 09:44:36
2023-02,경춘선,1325,백양리,10434,8415,1085,1111,2023-03-03 09:44:36
2023-02,경춘선,1326,강촌,7917,7667,3654,3726,2023-03-03 09:44:36
2023-02,경춘선,1327,김유정,7711,7741,3230,3207,2023-03-03 09:44:36
2023-02,경춘선,1328,남춘천,54520,55405,23669,23807,2023-03-03 09:44:36
2023-02,경춘선,1329,춘천,25649,23735,13892,12155,2023-03-03 09:44:36
2023-02,수인선,1873,고색,108229,100091,16685,15455,2023-03-03 09:44:36
2023-02,수인선,1874,오목천,75889,68345,14273,14049,2023-03-03 09:44:36
2023-02,수인선,1875,어천,21467,19903,5633,6052,2023-03-03 09:44:36
2023-02,수인선,1876,야목,7208,5977,2023,1732,2023-03-03 09:44:36
2023-02,수인선,1877,사리,113323,96143,17690,16464,2023-03-03 09:44:36
2023-02,수인선,1878,달월,1568,1193,987,558,2023-03-03 09:44:36
2023-02,수인선,1879,월곶,56885,52316,15414,15050,2023-03-03 09:44:36
2023-02,수인선,1880,소래포구,92293,86148,45026,43817,2023-03-03 09:44:36
2023-02,수인선,1881,인천논현,114558,121959,31116,31869,2023-03-03 09:44:36
2023-02,수인선,1882,호구포,85861,87631,20241,20210,2023-03-03 09:44:36
2023-02,수인선,1883,남동인더스파크,47152,52053,6728,6718,2023-03-03 09:44:36
2023-02,수인선,1884,원인재,88587,91111,30181,30478,2023-03-03 09:44:36
2023-02,수인선,1885,연수,95916,95774,29288,28926,2023-03-03 09:44:36
2023-02,수인선,1886,송도,45671,41472,22655,22009,2023-03-03 09:44:36
2023-02,수인선,1888,인하대,132677,126689,25967,24698,2023-03-03 09:44:36
2023-02,수인선,1889,숭의,79271,72180,27083,25889,2023-03-03 09:44:36
2023-02,수인선,1890,신포,35075,36145,12973,13235,2023-03-03 09:44:36
2023-02,수인선,1891,인천,19656,34822,11773,15203,2023-03-03 09:44:36
2023-02,경강선,1501,판교,131868,133127,16685,14283,2023-03-03 09:44:36
2023-02,경강선,1502,이매,24782,20368,6883,6379,2023-03-03 09:44:36
2023-02,경강선,1503,삼동,52501,48202,12222,12391,2023-03-03 09:44:36
2023-02,경강선,1504,경기광주,187024,173501,31775,31265,2023-03-03 09:44:36
2023-02,경강선,1505,초월,73431,68534,14574,14212,2023-03-03 09:44:36
2023-02,경강선,1506,곤지암,53981,51131,13004,12846,2023-03-03 09:44:36
2023-02,경강선,1507,신둔도예촌,33947,32207,7702,7476,2023-03-03 09:44:36
2023-02,경강선,1508,이천,65451,67203,13075,13793,2023-03-03 09:44:36
2023-02,경강선,1509,부발,52537,50095,8860,8628,2023-03-03 09:44:36
2023-02,경강선,1510,세종대왕릉,6783,6606,3376,3384,2023-03-03 09:44:36
2023-02,경강선,1511,여주,51231,50998,15653,15389,2023-03-03 09:44:36
2023-02,5호선,2511,방화,133234,125869,48361,46918,2023-03-03 09:44:36
2023-02,5호선,2512,개화산,117900,111525,35929,35711,2023-03-03 09:44:36
2023-02,5호선,2513,김포공항,182124,175309,33221,35997,2023-03-03 09:44:36
2023-02,5호선,2514,송정,129490,120990,45817,44311,2023-03-03 09:44:36
2023-02,5호선,2515,마곡,245497,249724,40291,38962,2023-03-03 09:44:36
2023-02,5호선,2516,발산,480171,508538,93296,90306,2023-03-03 09:44:36
2023-02,5호선,2517,우장산,296233,287240,87419,90582,2023-03-03 09:44:36
2023-02,5호선,2518,화곡,633610,587344,139804,134445,2023-03-03 09:44:36
2023-02,5호선,2519,까치산,626604,593983,149771,150839,2023-03-03 09:44:36
2023-02,5호선,2520,신정(은행정),301283,241678,58006,55974,2023-03-03 09:44:36
2023-02,5호선,2521,목동,363901,393451,78014,79556,2023-03-03 09:44:36
2023-02,5호선,2522,오목교(목동운동장앞),509947,542457,82093,81261,2023-03-03 09:44:36
2023-02,5호선,2523,양평,169273,164901,27586,27322,2023-03-03 09:44:36
2023-02,5호선,2524,영등포구청,93078,90999,19449,18923,2023-03-03 09:44:36
2023-02,5호선,2525,영등포시장,225811,231733,71454,72329,2023-03-03 09:44:36
2023-02,5호선,2526,신길,104147,109305,10999,11346,2023-03-03 09:44:36
2023-02,5호선,2527,여의도,698313,726818,52294,49297,2023-03-03 09:44:36
2023-02,5호선,2528,여의나루,281260,334332,26149,25604,2023-03-03 09:44:36
2023-02,5호선,2529,마포,324551,333649,58622,58075,2023-03-03 09:44:36
2023-02,5호선,2530,공덕,334422,355330,45209,42966,2023-03-03 09:44:36
2023-02,5호선,2531,애오개,141936,141961,35686,34596,2023-03-03 09:44:36
2023-02,5호선,2532,충정로(경기대입구),104657,105265,13001,13457,2023-03-03 09:44:36
2023-02,5호선,2533,서대문,429636,440752,64924,60667,2023-03-03 09:44:36
2023-02,5호선,2534,광화문(세종문화회관),762354,801929,75785,74744,2023-03-03 09:44:36
2023-02,5호선,2535,종로3가,319551,299042,91116,95228,2023-03-03 09:44:36
2023-02,5호선,2536,을지로4가,128292,135394,40348,39948,2023-03-03 09:44:36
2023-02,5호선,2537,동대문역사문화공원(DDP),74226,86126,8074,9028,2023-03-03 09:44:36
2023-02,5호선,2538,청구,79857,78801,23889,19709,2023-03-03 09:44:36
2023-02,5호선,2539,신금호,130188,133616,36580,41080,2023-03-03 09:44:36
2023-02,5호선,2540,행당,168086,148790,47458,43375,2023-03-03 09:44:36
2023-02,5호선,2541,왕십리(성동구청),100063,121271,23253,23222,2023-03-03 09:44:36
2023-02,5호선,2542,마장,114861,105824,39680,38592,2023-03-03 09:44:36
2023-02,5호선,2543,답십리,350418,316100,78536,75864,2023-03-03 09:44:36
2023-02,5호선,2544,장한평,412081,404678,89932,91270,2023-03-03 09:44:36
2023-02,5호선,2545,군자(능동),272083,304508,41160,43345,2023-03-03 09:44:36
2023-02,5호선,2546,아차산(어린이대공원후문),308127,298319,95500,92626,2023-03-03 09:44:36
2023-02,5호선,2547,광나루(장신대),306865,283127,68159,67431,2023-03-03 09:44:36
2023-02,5호선,2548,천호(풍납토성),400484,391874,128482,130370,2023-03-03 09:44:36
2023-02,5호선,2549,강동,393762,373411,101441,98875,2023-03-03 09:44:36
2023-02,5호선,2550,길동,148888,155447,69450,70655,2023-03-03 09:44:36
2023-02,5호선,2551,굽은다리(강동구민회관앞),189773,181387,70758,64994,2023-03-03 09:44:36
2023-02,5호선,2552,명일,173748,176454,66305,68613,2023-03-03 09:44:36
2023-02,5호선,2553,고덕,193910,192945,68176,67416,2023-03-03 09:44:36
2023-02,5호선,2554,상일동,303916,284761,84465,82621,2023-03-03 09:44:36
2023-02,5호선,2555,둔촌동,174731,175003,61370,61732,2023-03-03 09:44:36
2023-02,5호선,2556,올림픽공원(한국체대),86645,74677,33526,30325,2023-03-03 09:44:36
2023-02,5호선,2557,방이,154498,156959,44088,44252,2023-03-03 09:44:36
2023-02,5호선,2558,오금,74257,74413,19492,19025,2023-03-03 09:44:36
2023-02,5호선,2559,개롱,125503,131526,46083,47391,2023-03-03 09:44:36
2023-02,5호선,2560,거여,207530,197277,60388,59010,2023-03-03 09:44:36
2023-02,5호선,2561,마천,145033,137980,54287,55854,2023-03-03 09:44:36
2023-02,5호선,2562,강일,105498,94745,37176,35466,2023-03-03 09:44:36
2023-02,5호선,2563,미사,391039,398663,75919,76195,2023-03-03 09:44:36
2023-02,5호선,2564,하남풍산,90319,90440,27115,27354,2023-03-03 09:44:36
2023-02,5호선,2565,하남시청(덕풍·신장),141773,134710,66545,67626,2023-03-03 09:44:36
2023-02,5호선,2566,하남검단산,130880,123157,47658,46920,2023-03-03 09:44:36
2023-02,6호선,2611,응암,363135,362046,110097,109720,2023-03-03 09:44:36
2023-02,6호선,2612,역촌,70705,88113,29358,29036,2023-03-03 09:44:36
2023-02,6호선,2613,불광,87409,86975,37803,30469,2023-03-03 09:44:36
2023-02,6호선,2614,독바위,54944,55365,17983,21952,2023-03-03 09:44:36
2023-02,6호선,2615,연신내,26,0,2,0,2023-03-03 09:44:36
2023-02,6호선,2616,구산,161812,108781,48246,50187,2023-03-03 09:44:36
2023-02,6호선,2617,새절(신사),255496,232671,81319,81291,2023-03-03 09:44:36
2023-02,6호선,2618,증산(명지대앞),202096,198243,66682,67432,2023-03-03 09:44:36
2023-02,6호선,2619,디지털미디어시티,322753,359875,54071,55809,2023-03-03 09:44:36
2023-02,6호선,2620,월드컵경기장(성산),85848,92140,44643,43335,2023-03-03 09:44:36
2023-02,6호선,2621,마포구청,307900,277163,73662,66527,2023-03-03 09:44:36
2023-02,6호선,2622,망원,335401,359769,73546,77240,2023-03-03 09:44:36
2023-02,6호선,2623,합정,353115,346858,38346,35563,2023-03-03 09:44:36
2023-02,6호선,2624,상수,243947,285630,19578,19811,2023-03-03 09:44:36
2023-02,6호선,2625,광흥창(서강),196770,189551,47253,46937,2023-03-03 09:44:36
2023-02,6호선,2626,대흥(서강대앞),180528,188872,43397,43083,2023-03-03 09:44:36
2023-02,6호선,2627,공덕,427224,418581,72052,67167,2023-03-03 09:44:36
2023-02,6호선,2628,효창공원앞,155933,138919,35248,33173,2023-03-03 09:44:36
2023-02,6호선,2629,삼각지,179160,158424,18641,15612,2023-03-03 09:44:36
2023-02,6호선,2630,녹사평(용산구청),116004,119129,16677,16476,2023-03-03 09:44:36
2023-02,6호선,2631,이태원,263750,269794,29098,30339,2023-03-03 09:44:36
2023-02,6호선,2632,한강진,259789,302118,15605,15628,2023-03-03 09:44:36
2023-02,6호선,2633,버티고개,44035,42959,12892,15122,2023-03-03 09:44:36
2023-02,6호선,2634,약수,76096,78811,20627,20617,2023-03-03 09:44:36
2023-02,6호선,2635,청구,82302,78447,18946,21713,2023-03-03 09:44:36
2023-02,6호선,2636,신당,184088,190300,36399,35417,2023-03-03 09:44:36
2023-02,6호선,2637,동묘앞,165873,172009,66553,60983,2023-03-03 09:44:36
2023-02,6호선,2638,창신,71399,56390,17778,17000,2023-03-03 09:44:36
2023-02,6호선,2639,보문,176718,159858,28768,27092,2023-03-03 09:44:36
2023-02,6호선,2640,안암(고대병원앞),257193,259432,35186,34633,2023-03-03 09:44:36
2023-02,6호선,2641,고려대(종암),188054,181983,32522,32227,2023-03-03 09:44:36
2023-02,6호선,2642,월곡(동덕여대),241052,235046,65192,64718,2023-03-03 09:44:36
2023-02,6호선,2643,상월곡(한국과학기술연구원),129227,113422,37839,36803,2023-03-03 09:44:36
2023-02,6호선,2644,돌곶이,201458,184021,56201,56001,2023-03-03 09:44:36
2023-02,6호선,2645,석계,251540,261342,72855,72712,2023-03-03 09:44:36
2023-02,6호선,2646,태릉입구,119899,135936,28281,28164,2023-03-03 09:44:36
2023-02,6호선,2647,화랑대(서울여대입구),256084,192729,45243,40750,2023-03-03 09:44:36
2023-02,6호선,2648,봉화산(서울의료원),188081,176521,46617,45894,2023-03-03 09:44:36
2023-02,6호선,2649,신내,2,0,1,0,2023-03-03 09:44:36
2023-02,7호선,2711,장암,55178,21908,9933,7039,2023-03-03 09:44:36
2023-02,7호선,2712,도봉산,187955,213986,43146,64234,2023-03-03 09:44:36
2023-02,7호선,2713,수락산,251248,246529,93126,94296,2023-03-03 09:44:36
2023-02,7호선,2714,마들,268021,246797,81759,80536,2023-03-03 09:44:36
2023-02,7호선,2715,노원,434696,461012,118544,119467,2023-03-03 09:44:36
2023-02,7호선,2716,중계,295927,263934,85377,82093,2023-03-03 09:44:36
2023-02,7호선,2717,하계,372640,347130,102568,99748,2023-03-03 09:44:36
2023-02,7호선,2718,공릉(서울과학기술대),257282,254990,66171,67001,2023-03-03 09:44:36
2023-02,7호선,2719,태릉입구,196578,185307,43362,40365,2023-03-03 09:44:36
2023-02,7호선,2720,먹골,214059,207910,62517,64015,2023-03-03 09:44:36
2023-02,7호선,2721,중화,228046,219990,60780,61114,2023-03-03 09:44:36
2023-02,7호선,2722,상봉(시외버스터미널),398034,381119,69226,66830,2023-03-03 09:44:36
2023-02,7호선,2723,면목,313249,296153,92088,94864,2023-03-03 09:44:36
2023-02,7호선,2724,사가정,342920,338908,94516,94575,2023-03-03 09:44:36
2023-02,7호선,2725,용마산(용마폭포공원),124009,118054,33508,36655,2023-03-03 09:44:36
2023-02,7호선,2726,중곡,229215,211648,59544,60072,2023-03-03 09:44:36
2023-02,7호선,2727,군자(능동),338196,257034,75396,65076,2023-03-03 09:44:36
2023-02,7호선,2728,어린이대공원(세종대),312909,310100,40388,40366,2023-03-03 09:44:36
2023-02,7호선,2729,건대입구,300432,329253,53828,49935,2023-03-03 09:44:36
2023-02,7호선,2730,뚝섬유원지,186492,179786,42360,41988,2023-03-03 09:44:36
2023-02,7호선,2731,청담,440050,504635,73067,70867,2023-03-03 09:44:36
2023-02,7호선,2732,강남구청,392399,436555,49649,50330,2023-03-03 09:44:36
2023-02,7호선,2733,학동,563026,600132,60585,58609,2023-03-03 09:44:36
2023-02,7호선,2734,논현,442037,462453,41171,40575,2023-03-03 09:44:36
2023-02,7호선,2735,반포,131119,126981,34052,32600,2023-03-03 09:44:36
2023-02,7호선,2736,고속터미널,425314,331929,67760,60573,2023-03-03 09:44:36
2023-02,7호선,2737,내방,315455,323602,66290,64251,2023-03-03 09:44:36
2023-02,7호선,2738,이수,363812,349640,72055,68982,2023-03-03 09:44:36
2023-02,7호선,2739,남성,234248,212650,68210,67634,2023-03-03 09:44:36
2023-02,7호선,2740,숭실대입구(살피재),258528,262298,59481,61892,2023-03-03 09:44:36
2023-02,7호선,2741,상도,240185,232599,58682,55964,2023-03-03 09:44:36
2023-02,7호선,2742,장승배기,182376,175924,63910,64982,2023-03-03 09:44:36
2023-02,7호선,2743,신대방삼거리,318764,297353,84012,86494,2023-03-03 09:44:36
2023-02,7호선,2744,보라매,161028,163684,31017,32556,2023-03-03 09:44:36
2023-02,7호선,2745,신풍,238925,221618,68637,68479,2023-03-03 09:44:36
2023-02,7호선,2746,대림(구로구청),200411,204703,36953,35700,2023-03-03 09:44:36
2023-02,7호선,2747,남구로,341434,360530,58667,58427,2023-03-03 09:44:36
2023-02,7호선,2748,가산디지털단지,1021529,1017800,86849,81281,2023-03-03 09:44:36
2023-02,7호선,2749,철산,479877,488850,95684,95233,2023-03-03 09:44:36
2023-02,7호선,2750,광명사거리,435621,423133,141047,146105,2023-03-03 09:44:36
2023-02,7호선,2751,천왕,249133,231941,53370,53351,2023-03-03 09:44:36
2023-02,7호선,2752,온수(성공회대입구),212094,196512,37804,35904,2023-03-03 09:44:36
2023-02,8호선,2811,암사,408130,351387,99055,97454,2023-03-03 09:44:36
2023-02,8호선,2812,천호(풍납토성),327907,393473,79844,76746,2023-03-03 09:44:36
2023-02,8호선,2813,강동구청,218246,225148,62132,62824,2023-03-03 09:44:36
2023-02,8호선,2814,몽촌토성(평화의문),143408,147263,31443,31077,2023-03-03 09:44:36
2023-02,8호선,2815,잠실(송파구청),369756,447222,70959,69230,2023-03-03 09:44:36
2023-02,8호선,2816,석촌,165666,197367,48469,51591,2023-03-03 09:44:36
2023-02,8호선,2817,송파,181642,176922,57998,57779,2023-03-03 09:44:36
2023-02,8호선,2818,가락시장,152142,173053,57668,58840,2023-03-03 09:44:36
2023-02,8호선,2819,문정,490786,514648,59438,59143,2023-03-03 09:44:36
2023-02,8호선,2820,장지,391607,367722,76192,71762,2023-03-03 09:44:36
2023-02,8호선,2821,복정,206392,174258,36494,32906,2023-03-03 09:44:36
2023-02,8호선,2822,산성,111310,108652,30329,33125,2023-03-03 09:44:36
2023-02,8호선,2823,남한산성입구(성남법원.검찰청),281170,248477,74720,71764,2023-03-03 09:44:36
2023-02,8호선,2824,단대오거리,252362,244647,72604,70397,2023-03-03 09:44:36
2023-02,8호선,2825,신흥,101919,106032,40609,41940,2023-03-03 09:44:36
2023-02,8호선,2826,수진,102695,92115,43405,43006,2023-03-03 09:44:36
2023-02,8호선,2827,모란,80621,68451,54198,40678,2023-03-03 09:44:36
2023-02,8호선,2828,남위례,140385,146400,29082,28892,2023-03-03 09:44:36
2023-02,9호선,4101,개화,59380,37753,11066,8638,2023-03-03 09:44:36
2023-02,9호선,4102,김포공항,195026,284307,17955,21577,2023-03-03 09:44:36
2023-02,9호선,4103,공항시장,57503,61755,21310,22834,2023-03-03 09:44:36
2023-02,9호선,4104,신방화,141104,135587,43822,43780,2023-03-03 09:44:36
2023-02,9호선,4105,마곡나루(서울식물원),318755,311436,31773,30866,2023-03-03 09:44:36
2023-02,9호선,4106,양천향교,214153,218792,41823,41856,2023-03-03 09:44:36
2023-02,9호선,4107,가양,466318,453842,123964,121515,2023-03-03 09:44:36
2023-02,9호선,4108,증미,159006,148231,32191,31550,2023-03-03 09:44:36
2023-02,9호선,4109,등촌,232647,219347,76076,75755,2023-03-03 09:44:36
2023-02,9호선,4110,염창,410169,394106,68646,68264,2023-03-03 09:44:36
2023-02,9호선,4111,신목동,91414,77520,22161,20884,2023-03-03 09:44:36
2023-02,9호선,4112,선유도,197969,184859,25755,24616,2023-03-03 09:44:36
2023-02,9호선,4113,당산,462811,467878,63213,58532,2023-03-03 09:44:36
2023-02,9호선,4114,국회의사당,373342,389645,55990,50126,2023-03-03 09:44:36
2023-02,9호선,4115,여의도,711402,675258,47928,43350,2023-03-03 09:44:36
2023-02,9호선,4116,샛강,140249,140119,26304,26345,2023-03-03 09:44:36
2023-02,9호선,4117,노량진,622773,611231,81962,82238,2023-03-03 09:44:36
2023-02,9호선,4118,노들,94843,76289,30218,27797,2023-03-03 09:44:36
2023-02,9호선,4119,흑석(중앙대입구),167784,174909,51816,52459,2023-03-03 09:44:36
2023-02,9호선,4120,동작(현충원),37292,30905,10333,8920,2023-03-03 09:44:36
2023-02,9호선,4121,구반포,18970,20246,8408,8504,2023-03-03 09:44:36
2023-02,9호선,4122,신반포,77477,76783,21233,21195,2023-03-03 09:44:36
2023-02,9호선,4123,고속터미널,339507,479599,58305,67604,2023-03-03 09:44:36
2023-02,9호선,4124,사평,79272,76110,20295,20284,2023-03-03 09:44:36
2023-02,9호선,4125,신논현,818416,807246,51116,49766,2023-03-03 09:44:36
2023-02,공항철도 1호선,4201,서울역,298626,269885,31502,27634,2023-03-03 09:44:36
2023-02,공항철도 1호선,4202,공덕,63484,88269,7727,9626,2023-03-03 09:44:36
2023-02,공항철도 1호선,4203,홍대입구,371643,370878,17770,16276,2023-03-03 09:44:36
2023-02,공항철도 1호선,4204,디지털미디어시티,345670,321040,26303,24885,2023-03-03 09:44:36
2023-02,공항철도 1호선,4206,마곡나루(서울식물원),253684,245482,14782,15533,2023-03-03 09:44:36
2023-02,공항철도 1호선,4207,김포공항,285967,158917,21090,13960,2023-03-03 09:44:36
2023-02,공항철도 1호선,4208,계양,303769,278114,31529,29540,2023-03-03 09:44:36
2023-02,공항철도 1호선,4209,검암,162448,159658,15537,15472,2023-03-03 09:44:36
2023-02,공항철도 1호선,4210,청라국제도시,174892,165704,12353,12192,2023-03-03 09:44:36
2023-02,공항철도 1호선,4211,운서,209879,218767,26969,27354,2023-03-03 09:44:36
2023-02,공항철도 1호선,4212,공항화물청사,48877,51733,8566,8258,2023-03-03 09:44:36
2023-02,공항철도 1호선,4213,인천공항1터미널,315335,283216,24610,23110,2023-03-03 09:44:36
2023-02,공항철도 1호선,4215,인천공항2터미널,112368,96148,10848,9688,2023-03-03 09:44:36
2023-02,공항철도 1호선,4217,영종,86433,86835,19505,19245,2023-03-03 09:44:36
2023-02,9호선2~3단계,4126,언주,265425,270516,28047,27540,2023-03-03 09:44:36
2023-02,9호선2~3단계,4127,선정릉,235427,261506,25613,26637,2023-03-03 09:44:36
2023-02,9호선2~3단계,4128,삼성중앙,173184,180612,25382,24751,2023-03-03 09:44:36
2023-02,9호선2~3단계,4129,봉은사,497398,516574,50995,48584,2023-03-03 09:44:36
2023-02,9호선2~3단계,4130,종합운동장,109712,109175,19307,18197,2023-03-03 09:44:36
2023-02,9호선2~3단계,4131,삼전,164377,155165,35922,35079,2023-03-03 09:44:36
2023-02,9호선2~3단계,4132,석촌고분,147287,142864,36507,36583,2023-03-03 09:44:36
2023-02,9호선2~3단계,4133,석촌,214423,190296,36377,31646,2023-03-03 09:44:36
2023-02,9호선2~3단계,4134,송파나루,125183,131151,27161,28025,2023-03-03 09:44:36
2023-02,9호선2~3단계,4135,한성백제,59605,52086,15471,13673,2023-03-03 09:44:36
2023-02,9호선2~3단계,4136,올림픽공원(한국체대),174982,175797,28253,28198,2023-03-03 09:44:36
2023-02,9호선2~3단계,4137,둔촌오륜,21099,21041,5913,6353,2023-03-03 09:44:36
2023-02,9호선2~3단계,4138,중앙보훈병원,225348,190705,73484,71899,2023-03-03 09:44:36
2023-02,우이신설선,4701,북한산우이,49071,42578,32445,34270,2023-03-03 09:44:36
2023-02,우이신설선,4702,솔밭공원,42335,36473,27250,28205,2023-03-03 09:44:36
2023-02,우이신설선,4703,4.19민주묘지,47233,44686,34511,30732,2023-03-03 09:44:36
2023-02,우이신설선,4704,가오리,67986,64444,46606,47651,2023-03-03 09:44:36
2023-02,우이신설선,4705,화계,54032,48413,40854,41355,2023-03-03 09:44:36
2023-02,우이신설선,4706,삼양,29312,29324,24887,27483,2023-03-03 09:44:36
2023-02,우이신설선,4707,삼양사거리,34687,34309,33621,34120,2023-03-03 09:44:36
2023-02,우이신설선,4708,솔샘,121268,109566,36792,38333,2023-03-03 09:44:36
2023-02,우이신설선,4709,북한산보국문,126892,115291,41823,42149,2023-03-03 09:44:36
2023-02,우이신설선,4710,정릉,82952,74345,44495,42289,2023-03-03 09:44:36
2023-02,우이신설선,4711,성신여대입구(돈암),66086,78808,27682,27072,2023-03-03 09:44:36
2023-02,우이신설선,4712,보문,26879,27336,14637,14573,2023-03-03 09:44:36
2023-02,우이신설선,4713,신설동,31660,33066,27551,24564,2023-03-03 09:44:36
2023-02,신림선,4401,샛강,55006,69007,11856,11758,2023-03-03 09:44:36
2023-02,신림선,4402,대방,57617,44314,14998,12498,2023-03-03 09:44:36
2023-02,신림선,4403,서울지방병무청,54922,58339,20405,22138,2023-03-03 09:44:36
2023-02,신림선,4404,보라매,73404,67728,19844,17247,2023-03-03 09:44:36
2023-02,신림선,4405,보라매공원,36794,40349,13361,14565,2023-03-03 09:44:36
2023-02,신림선,4406,보라매병원,133771,142316,42685,42791,2023-03-03 09:44:36
2023-02,신림선,4407,당곡,85722,84433,31982,31564,2023-03-03 09:44:36
2023-02,신림선,4408,신림,31812,48493,13584,15648,2023-03-03 09:44:36
2023-02,신림선,4409,서원,70087,57106,20233,19928,2023-03-03 09:44:36
2023-02,신림선,4410,서울대벤처타운,177708,162462,54568,55451,2023-03-03 09:44:36
2023-02,신림선,4411,관악산(서울대),45556,44510,28428,28961,2023-03-03 09:44:36